rank,vol_party_name,vol,vol_chg,long_party_name,long_open_interest,long_open_interest_chg,short_party_name,short_open_interest,short_open_interest_chg,symbol,variety,date
1,中信期货,17468,6390,中信期货,13292,2550,国泰君安期货,14565,-932,LC2609,LC,20260205
2,国泰君安期货,9429,3793,中信建投,7737,-315,银河期货,13546,-398,LC2609,LC,20260205
3,东证期货,7706,3875,华泰期货,6656,-803,中信期货,13196,-788,LC2609,LC,20260205
4,华泰期货,5849,3659,申银万国,4716,-532,五矿期货,7565,85,LC2609,LC,20260205
5,广发期货,5193,1590,光大期货,4357,2679,华泰期货,6095,-392,LC2609,LC,20260205
1,中信期货,21897,4429,中信期货,13277,-15,国泰君安期货,14877,312,LC2609,LC,20260206
2,国泰君安期货,10001,572,中信建投,8376,639,银河期货,13626,80,LC2609,LC,20260206
3,东证期货,9114,1408,华泰期货,6808,152,中信期货,13136,-60,LC2609,LC,20260206
4,银河期货,7650,3231,光大期货,5150,793,五矿期货,7577,12,LC2609,LC,20260206
5,广发期货,6549,1356,申银万国,5147,431,华泰期货,6639,544,LC2609,LC,20260206
1,中信期货,12450,-9447,中信期货,12702,-575,银河期货,13784,158,LC2609,LC,20260209
2,国泰君安期货,10063,62,中信建投,9015,639,中信期货,13601,465,LC2609,LC,20260209
3,广发期货,4672,-1877,华泰期货,7246,438,国泰君安期货,10458,-4419,LC2609,LC,20260209
4,东证期货,4336,-4778,申银万国,5124,-23,五矿期货,7575,-2,LC2609,LC,20260209
5,中泰期货,3068,-1225,光大期货,5042,-108,华泰期货,7053,414,LC2609,LC,20260209
1,中信期货,7440,-5010,中信期货,12748,46,银河期货,13659,-125,LC2609,LC,20260210
2,东证期货,3497,-839,中信建投,9423,408,中信期货,13571,-30,LC2609,LC,20260210
3,国泰君安期货,3143,-6920,华泰期货,7739,493,国泰君安期货,10438,-20,LC2609,LC,20260210
4,广发期货,2641,-2031,申银万国,5143,19,华泰期货,7789,736,LC2609,LC,20260210
5,华泰期货,2227,841,光大期货,5018,-24,五矿期货,7570,-5,LC2609,LC,20260210
1,中信期货,9253,1813,中信期货,12580,-168,银河期货,13743,84,LC2609,LC,20260211
2,国泰君安期货,4376,1233,中信建投,9814,391,中信期货,12982,-589,LC2609,LC,20260211
3,东证期货,4073,576,华泰期货,8255,516,国泰君安期货,10329,-109,LC2609,LC,20260211
4,华泰期货,3845,1618,申银万国,5367,224,华泰期货,10064,2275,LC2609,LC,20260211
5,银河期货,1915,673,国泰君安期货,5167,219,五矿期货,7632,62,LC2609,LC,20260211
1,中信期货,8291,-962,中信期货,12517,-63,银河期货,13660,-83,LC2609,LC,20260212
2,国泰君安期货,6905,2529,中信建投,9011,-803,中信期货,12566,-416,LC2609,LC,20260212
3,东证期货,3325,-748,华泰期货,7880,-375,华泰期货,10366,302,LC2609,LC,20260212
4,广发期货,2704,1133,申银万国,5458,91,国泰君安期货,8138,-2191,LC2609,LC,20260212
5,中泰期货,2175,752,国泰君安期货,5171,4,五矿期货,7286,-346,LC2609,LC,20260212
1,中信期货,8240,-51,中信期货,12318,-199,银河期货,13781,121,LC2609,LC,20260213
2,国泰君安期货,4369,-2536,中信建投,9421,410,中信期货,12487,-79,LC2609,LC,20260213
3,东证期货,3065,-260,华泰期货,8245,365,华泰期货,10618,252,LC2609,LC,20260213
4,广发期货,2464,-240,申银万国,5637,179,国泰君安期货,7476,-662,LC2609,LC,20260213
5,华泰期货,2383,714,国泰君安期货,5410,239,五矿期货,7164,-122,LC2609,LC,20260213
1,中信期货,7923,-317,中信期货,11400,-918,银河期货,13941,160,LC2609,LC,20260224
2,国泰君安期货,4598,229,中信建投,9813,392,中信期货,13130,643,LC2609,LC,20260224
3,广发期货,4074,1610,华泰期货,8330,85,华泰期货,10734,116,LC2609,LC,20260224
4,东证期货,2818,-247,申银万国,6616,979,五矿期货,7247,83,LC2609,LC,20260224
5,中泰期货,2464,683,国泰君安期货,5914,504,国泰君安期货,6588,-888,LC2609,LC,20260224
1,中信期货,8681,758,中信期货,11699,299,银河期货,13832,-109,LC2609,LC,20260225
2,国泰君安期货,7122,2524,中信建投,10658,845,中信期货,13460,330,LC2609,LC,20260225
3,东证期货,4003,1185,华泰期货,8013,-317,华泰期货,10767,33,LC2609,LC,20260225
4,中泰期货,2775,311,申银万国,7337,721,五矿期货,7235,-12,LC2609,LC,20260225
5,银河期货,2420,239,东海期货,5627,410,广发期货,6405,323,LC2609,LC,20260225
1,中信期货,12799,4118,中信期货,12326,627,银河期货,13790,-42,LC2609,LC,20260226
2,国泰君安期货,6974,-148,中信建投,10975,317,中信期货,13546,86,LC2609,LC,20260226
3,东证期货,5514,1511,华泰期货,8110,97,华泰期货,10793,26,LC2609,LC,20260226
4,银河期货,4033,1613,申银万国,7911,574,五矿期货,7280,45,LC2609,LC,20260226
5,广发期货,3762,1493,东海期货,5706,79,广发期货,7251,846,LC2609,LC,20260226
1,中信期货,9245,-3554,中信期货,12282,-44,银河期货,13733,-57,LC2609,LC,20260227
2,国泰君安期货,5826,-1148,中信建投,11536,561,中信期货,13443,-103,LC2609,LC,20260227
3,东证期货,3944,-1570,申银万国,8391,480,华泰期货,10897,104,LC2609,LC,20260227
4,中泰期货,3611,-54,华泰期货,8068,-42,五矿期货,7295,15,LC2609,LC,20260227
5,广发期货,3231,-531,东海期货,5842,136,广发期货,7214,-37,LC2609,LC,20260227
1,中信期货,10430,1185,中信建投,12451,915,银河期货,13734,1,LC2609,LC,20260302
2,国泰君安期货,4062,-1764,中信期货,12368,86,中信期货,13451,8,LC2609,LC,20260302
3,广发期货,2954,-277,华泰期货,7981,-87,华泰期货,10927,30,LC2609,LC,20260302
4,东证期货,2870,-1074,申银万国,6641,-1750,五矿期货,7258,-37,LC2609,LC,20260302
5,中泰期货,2668,-943,东海期货,5719,-123,广发期货,7171,-43,LC2609,LC,20260302
1,中信期货,15264,4834,中信建投,12930,479,银河期货,13211,-523,LC2609,LC,20260303
2,国泰君安期货,5959,1897,中信期货,12308,-60,中信期货,12807,-644,LC2609,LC,20260303
3,东证期货,5538,2668,华泰期货,8175,194,华泰期货,10950,23,LC2609,LC,20260303
4,银河期货,4912,2855,申银万国,6077,-564,五矿期货,7229,-29,LC2609,LC,20260303
5,广发期货,4704,1750,国泰君安期货,4787,-154,广发期货,6758,-413,LC2609,LC,20260303
1,中信期货,15965,701,中信期货,12025,-283,银河期货,13289,78,LC2609,LC,20260304
2,国泰君安期货,8407,2448,中信建投,11890,-1040,中信期货,12633,-174,LC2609,LC,20260304
3,东证期货,5572,34,华泰期货,8403,228,华泰期货,10792,-158,LC2609,LC,20260304
4,中泰期货,4468,492,申银万国,6102,25,五矿期货,7228,-1,LC2609,LC,20260304
5,银河期货,4238,-674,国泰君安期货,5826,1039,广发期货,6515,-243,LC2609,LC,20260304
1,中信期货,13494,-2471,中信建投,11623,-267,银河期货,13307,18,LC2609,LC,20260305
2,国泰君安期货,5098,-3309,中信期货,11424,-601,中信期货,12754,121,LC2609,LC,20260305
3,东证期货,4328,-1244,华泰期货,8531,128,华泰期货,10848,56,LC2609,LC,20260305
4,银河期货,4208,-30,申银万国,6123,21,五矿期货,7629,401,LC2609,LC,20260305
5,广发期货,4071,124,国泰君安期货,5262,-564,广发期货,6548,33,LC2609,LC,20260305
1,中信期货,6705,-6789,中信建投,11618,-5,银河期货,13225,-82,LC2609,LC,20260306
2,东证期货,3039,-1289,中信期货,11425,1,中信期货,12966,212,LC2609,LC,20260306
3,国泰君安期货,2849,-2249,华泰期货,8834,303,华泰期货,10745,-103,LC2609,LC,20260306
4,广发期货,2623,-1448,申银万国,6207,84,五矿期货,7834,205,LC2609,LC,20260306
5,银河期货,2433,-1775,国泰君安期货,5216,-46,广发期货,6559,11,LC2609,LC,20260306
1,中信期货,16354,9649,中信期货,11944,519,银河期货,13147,-78,LC2609,LC,20260309
2,东证期货,6005,2966,中信建投,11699,81,中信期货,13069,103,LC2609,LC,20260309
3,国泰君安期货,5626,2777,华泰期货,9420,586,华泰期货,10816,71,LC2609,LC,20260309
4,中泰期货,4808,2441,申银万国,6466,259,五矿期货,7425,-409,LC2609,LC,20260309
5,广发期货,4355,1732,国泰君安期货,5128,-88,东证期货,6813,320,LC2609,LC,20260309
1,中信期货,9827,-6527,中信期货,11978,34,银河期货,13205,58,LC2609,LC,20260310
2,东证期货,4314,-1691,中信建投,11698,-1,中信期货,13196,127,LC2609,LC,20260310
3,国泰君安期货,3729,-1897,华泰期货,9998,578,华泰期货,10823,7,LC2609,LC,20260310
4,中泰期货,2907,-1901,申银万国,6261,-205,东证期货,8314,1501,LC2609,LC,20260310
5,广发期货,2514,-1841,永安期货,5029,322,五矿期货,7308,-117,LC2609,LC,20260310
1,中信期货,9487,-340,中信期货,12066,88,银河期货,13436,231,LC2609,LC,20260311
2,东证期货,4690,376,中信建投,11654,-44,中信期货,13417,221,LC2609,LC,20260311
3,国泰君安期货,3956,227,华泰期货,10475,477,华泰期货,11267,444,LC2609,LC,20260311
4,广发期货,3933,1419,国泰君安期货,5513,565,东证期货,8413,99,LC2609,LC,20260311
5,华泰期货,3397,2054,申银万国,5503,-758,广发期货,7510,741,LC2609,LC,20260311
1,中信期货,9490,3,中信建投,12470,816,中信期货,13516,99,LC2609,LC,20260312
2,东证期货,3985,-705,中信期货,12213,147,银河期货,13340,-96,LC2609,LC,20260312
3,国泰君安期货,3442,-514,华泰期货,11140,665,华泰期货,10971,-296,LC2609,LC,20260312
4,广发期货,2548,-1385,申银万国,5630,127,东证期货,9695,1282,LC2609,LC,20260312
5,华泰期货,2545,-852,国泰君安期货,5447,-66,广发期货,7832,322,LC2609,LC,20260312
1,中信期货,10880,1390,中信建投,13315,845,中信期货,14244,728,LC2609,LC,20260313
2,东证期货,5828,1843,中信期货,12197,-16,银河期货,13356,16,LC2609,LC,20260313
3,国泰君安期货,5024,1582,华泰期货,10720,-420,东证期货,11588,1893,LC2609,LC,20260313
4,华泰期货,2945,400,申银万国,6036,406,华泰期货,10968,-3,LC2609,LC,20260313
5,海通期货,2875,1633,国泰君安期货,5610,163,广发期货,8006,174,LC2609,LC,20260313
1,中信期货,14145,3265,中信建投,13229,-86,中信期货,15827,1583,LC2609,LC,20260316
2,国泰君安期货,7371,2347,中信期货,12859,662,银河期货,13116,-240,LC2609,LC,20260316
3,东证期货,5793,-35,华泰期货,11844,1124,东证期货,12326,738,LC2609,LC,20260316
4,广发期货,3646,1022,申银万国,6850,814,华泰期货,10922,-46,LC2609,LC,20260316
5,华泰期货,2920,-25,国泰君安期货,6508,898,广发期货,8159,153,LC2609,LC,20260316
1,中信期货,10515,-3630,中信建投,13266,37,中信期货,16932,1105,LC2609,LC,20260317
2,国泰君安期货,4293,-3078,中信期货,12989,130,银河期货,13153,37,LC2609,LC,20260317
3,东证期货,3716,-2077,华泰期货,12373,529,东证期货,12959,633,LC2609,LC,20260317
4,华泰期货,3263,343,国泰君安期货,7412,904,华泰期货,10176,-746,LC2609,LC,20260317
5,海通期货,2569,27,申银万国,5513,-1337,广发期货,8090,-69,LC2609,LC,20260317
1,中信期货,10602,87,中信期货,13927,938,中信期货,17194,262,LC2609,LC,20260318
2,国泰君安期货,6727,2434,中信建投,13692,426,东证期货,14814,1855,LC2609,LC,20260318
3,东证期货,6347,2631,华泰期货,11733,-640,银河期货,13207,54,LC2609,LC,20260318
4,华泰期货,2857,-406,国泰君安期货,7933,521,华泰期货,10071,-105,LC2609,LC,20260318
5,海通期货,2530,-39,东证期货,5708,480,广发期货,8341,251,LC2609,LC,20260318
1,中信期货,16748,6146,中信期货,16263,2336,中信期货,17000,-194,LC2609,LC,20260319
2,国泰君安期货,10190,3463,华泰期货,15694,3961,东证期货,15101,287,LC2609,LC,20260319
3,东证期货,8520,2173,中信建投,14021,329,银河期货,14107,900,LC2609,LC,20260319
4,华泰期货,7268,4411,国泰君安期货,7317,-616,华泰期货,10182,111,LC2609,LC,20260319
5,广发期货,5041,2703,光大期货,6298,877,广发期货,9408,1067,LC2609,LC,20260319
1,中信期货,15130,-1618,中信期货,17405,1142,中信期货,17594,594,LC2609,LC,20260320
2,东证期货,7672,-848,华泰期货,16431,737,东证期货,17017,1916,LC2609,LC,20260320
3,国泰君安期货,5597,-4593,中信建投,13871,-150,银河期货,14193,86,LC2609,LC,20260320
4,银河期货,3223,-1266,国泰君安期货,7719,402,华泰期货,10282,100,LC2609,LC,20260320
5,华泰期货,3185,-4083,光大期货,6730,432,广发期货,9522,114,LC2609,LC,20260320
1,国泰君安期货,13681,8084,中信期货,17228,-177,中信期货,17979,385,LC2609,LC,20260323
2,中信期货,13522,-1608,华泰期货,16479,48,东证期货,17388,371,LC2609,LC,20260323
3,东证期货,6948,-724,中信建投,13960,89,银河期货,14643,450,LC2609,LC,20260323
4,广发期货,4029,951,国泰君安期货,7313,-406,华泰期货,10667,385,LC2609,LC,20260323
5,银河期货,3419,196,光大期货,6497,-233,广发期货,10404,882,LC2609,LC,20260323
1,中信期货,13545,23,中信期货,17373,145,东证期货,18136,748,LC2609,LC,20260324
2,国泰君安期货,8408,-5273,华泰期货,17354,875,中信期货,17859,-120,LC2609,LC,20260324
3,东证期货,7636,688,中信建投,13953,-7,银河期货,14606,-37,LC2609,LC,20260324
4,广发期货,6466,2437,国泰君安期货,8176,863,广发期货,13168,2764,LC2609,LC,20260324
5,海通期货,2777,-326,永安期货,6931,678,华泰期货,11142,475,LC2609,LC,20260324
1,中信期货,17622,4077,中信期货,18788,1415,中信期货,19690,1831,LC2609,LC,20260325
2,国泰君安期货,10430,2022,华泰期货,17598,244,东证期货,19386,1250,LC2609,LC,20260325
3,东证期货,9411,1775,中信建投,11926,-2027,广发期货,15299,2131,LC2609,LC,20260325
4,广发期货,5805,-661,国泰君安期货,8825,649,银河期货,14815,209,LC2609,LC,20260325
5,中信建投,4430,3361,永安期货,8338,1407,瑞达期货,11304,1639,LC2609,LC,20260325
1,中信期货,20805,3183,中信期货,18789,1,中信期货,21240,1550,LC2609,LC,20260326
2,国泰君安期货,13301,2871,华泰期货,18699,1101,东证期货,19470,84,LC2609,LC,20260326
3,东证期货,9149,-262,中信建投,12435,509,广发期货,18188,2889,LC2609,LC,20260326
4,广发期货,6558,753,国泰君安期货,9750,925,银河期货,14691,-124,LC2609,LC,20260326
5,银河期货,4156,-15,永安期货,9042,704,华泰期货,11969,752,LC2609,LC,20260326
1,中信期货,29532,8727,华泰期货,20550,1851,中信期货,26743,5503,LC2609,LC,20260327
2,国泰君安期货,23604,10303,中信期货,19308,519,东证期货,20004,534,LC2609,LC,20260327
3,东证期货,11176,2027,中信建投,13003,568,广发期货,19553,1365,LC2609,LC,20260327
4,广发期货,7400,842,国泰君安期货,12727,2977,国泰君安期货,16015,5505,LC2609,LC,20260327
5,中粮期货,6731,5585,永安期货,11133,2091,银河期货,14681,-10,LC2609,LC,20260327
1,中信期货,21012,-8520,华泰期货,21102,552,中信期货,29846,3103,LC2609,LC,20260330
2,国泰君安期货,19348,-4256,中信期货,19457,149,广发期货,20618,1065,LC2609,LC,20260330
3,广发期货,7232,-168,国泰君安期货,14819,2092,东证期货,20323,319,LC2609,LC,20260330
4,东证期货,6741,-4435,中信建投,13524,521,国泰君安期货,19727,3712,LC2609,LC,20260330
5,华泰期货,5347,-709,永安期货,12142,1009,银河期货,14657,-24,LC2609,LC,20260330
1,中信期货,34816,13804,华泰期货,19548,-1554,中信期货,29699,-147,LC2609,LC,20260331
2,国泰君安期货,24574,5226,中信期货,19182,-275,广发期货,20276,-342,LC2609,LC,20260331
3,广发期货,15731,8499,国泰君安期货,14784,-35,国泰君安期货,19984,257,LC2609,LC,20260331
4,东证期货,15007,8266,永安期货,13192,1050,东证期货,19773,-550,LC2609,LC,20260331
5,银河期货,9696,5725,中信建投,12640,-884,中粮期货,16055,2564,LC2609,LC,20260331
1,中信期货,29002,-5814,华泰期货,19536,-12,中信期货,29218,-481,LC2609,LC,20260401
2,国泰君安期货,18281,-6293,中信期货,18863,-319,国泰君安期货,20135,151,LC2609,LC,20260401
3,东证期货,12255,-2752,国泰君安期货,16298,1514,东证期货,19510,-263,LC2609,LC,20260401
4,广发期货,11006,-4725,永安期货,13920,728,广发期货,18672,-1604,LC2609,LC,20260401
5,华泰期货,9361,1053,中信建投,13059,419,中粮期货,17783,1728,LC2609,LC,20260401
1,中信期货,23559,-5443,华泰期货,19835,299,中信期货,29591,373,LC2609,LC,20260402
2,国泰君安期货,18046,-235,中信期货,18899,36,国泰君安期货,21087,952,LC2609,LC,20260402
3,东证期货,11748,-507,国泰君安期货,16348,50,东证期货,20943,1433,LC2609,LC,20260402
4,广发期货,9281,-1725,永安期货,14549,629,广发期货,18962,290,LC2609,LC,20260402
5,银河期货,5619,-146,中信建投,13340,281,中粮期货,18074,291,LC2609,LC,20260402
1,中信期货,20157,-3402,华泰期货,19705,-130,中信期货,29784,193,LC2609,LC,20260403
2,国泰君安期货,12677,-5369,中信期货,19303,404,国泰君安期货,21718,631,LC2609,LC,20260403
3,东证期货,7430,-4318,国泰君安期货,16652,304,东证期货,21345,402,LC2609,LC,20260403
4,广发期货,6211,-3070,永安期货,14750,201,广发期货,19197,235,LC2609,LC,20260403
5,华泰期货,4619,-477,中信建投,12969,-371,中粮期货,18016,-58,LC2609,LC,20260403
1,中信期货,25520,5363,华泰期货,20230,525,中信期货,31584,1800,LC2609,LC,20260407
2,国泰君安期货,18557,5880,中信期货,19967,664,国泰君安期货,23628,1910,LC2609,LC,20260407
3,广发期货,12000,5789,国泰君安期货,18753,2101,东证期货,21769,424,LC2609,LC,20260407
4,东证期货,11404,3974,永安期货,15496,746,广发期货,20960,1763,LC2609,LC,20260407
5,华泰期货,5759,1140,中信建投,13498,529,中粮期货,19372,1356,LC2609,LC,20260407
1,中信期货,30654,5134,华泰期货,22097,1867,中信期货,32347,763,LC2609,LC,20260408
2,国泰君安期货,26547,7990,中信期货,19928,-39,国泰君安期货,24316,688,LC2609,LC,20260408
3,东证期货,14072,2668,国泰君安期货,18662,-91,东证期货,22559,790,LC2609,LC,20260408
4,广发期货,14069,2069,永安期货,15106,-390,广发期货,21269,309,LC2609,LC,20260408
5,银河期货,7434,3039,中信建投,13496,-2,中粮期货,20812,1440,LC2609,LC,20260408
1,国泰君安期货,33744,7197,华泰期货,23845,1748,中信期货,33230,883,LC2609,LC,20260409
2,中信期货,31359,705,中信期货,22096,2168,国泰君安期货,27378,3062,LC2609,LC,20260409
3,东证期货,15794,1722,国泰君安期货,20336,1674,东证期货,22346,-213,LC2609,LC,20260409
4,广发期货,13949,-120,中信建投,15059,1563,广发期货,20987,-282,LC2609,LC,20260409
5,华泰期货,10267,3345,永安期货,14589,-517,中粮期货,20051,-761,LC2609,LC,20260409
1,国泰君安期货,29225,-4519,华泰期货,25130,1285,中信期货,34474,1244,LC2609,LC,20260410
2,中信期货,28269,-3090,中信期货,22127,31,国泰君安期货,28723,1345,LC2609,LC,20260410
3,东证期货,16215,421,国泰君安期货,22110,1774,东证期货,22044,-302,LC2609,LC,20260410
4,广发期货,11512,-2437,中信建投,15297,238,广发期货,21385,398,LC2609,LC,20260410
5,中信建投,9636,167,永安期货,14870,281,中粮期货,20102,51,LC2609,LC,20260410
1,国泰君安期货,40822,11597,华泰期货,26855,1725,中信期货,39564,5090,LC2609,LC,20260413
2,中信期货,36508,8239,国泰君安期货,26313,4203,国泰君安期货,36556,7833,LC2609,LC,20260413
3,东证期货,18488,2273,中信期货,24547,2420,广发期货,24011,2626,LC2609,LC,20260413
4,广发期货,14528,3016,永安期货,16580,1710,东证期货,23858,1814,LC2609,LC,20260413
5,中信建投,11761,2125,中信建投,15868,571,中粮期货,20681,579,LC2609,LC,20260413
1,中信期货,39920,3412,华泰期货,29459,2604,中信期货,44814,5250,LC2609,LC,20260414
2,国泰君安期货,31991,-8831,国泰君安期货,29136,2823,国泰君安期货,39320,2764,LC2609,LC,20260414
3,东证期货,15452,-3036,中信期货,25159,612,东证期货,25440,1582,LC2609,LC,20260414
4,银河期货,11733,1986,永安期货,17041,461,广发期货,24666,655,LC2609,LC,20260414
5,中信建投,10977,-784,中信建投,16417,549,中粮期货,21866,1185,LC2609,LC,20260414
1,中信期货,43463,3543,国泰君安期货,31803,2667,中信期货,47479,2665,LC2609,LC,20260415
2,国泰君安期货,39939,7948,华泰期货,31153,1694,国泰君安期货,44918,5598,LC2609,LC,20260415
3,东证期货,21984,6532,中信期货,26171,1012,广发期货,26525,1859,LC2609,LC,20260415
4,中信建投,14306,3329,永安期货,19348,2307,东证期货,25922,482,LC2609,LC,20260415
5,广发期货,13916,3644,中信建投,17100,683,中粮期货,22663,797,LC2609,LC,20260415
1,中信期货,48798,5335,国泰君安期货,36420,4617,中信期货,54804,7325,LC2609,LC,20260416
2,国泰君安期货,43875,3936,华泰期货,32358,1205,国泰君安期货,50508,5590,LC2609,LC,20260416
3,东证期货,22995,1011,中信期货,24482,-1689,广发期货,28882,2357,LC2609,LC,20260416
4,中信建投,16854,2548,永安期货,23119,3771,东证期货,26837,915,LC2609,LC,20260416
5,银河期货,16633,4263,东证期货,18178,2464,中粮期货,23162,499,LC2609,LC,20260416
1,中信期货,37742,-11056,国泰君安期货,37998,1578,中信期货,57144,2340,LC2609,LC,20260417
2,国泰君安期货,34501,-9374,华泰期货,30850,-1508,国泰君安期货,53391,2883,LC2609,LC,20260417
3,东证期货,18398,-4597,中信期货,24838,356,广发期货,28808,-74,LC2609,LC,20260417
4,广发期货,15842,375,永安期货,24596,1477,东证期货,27685,848,LC2609,LC,20260417
5,华泰期货,12076,108,东证期货,19580,1402,中粮期货,23337,175,LC2609,LC,20260417
1,中信期货,39590,1848,国泰君安期货,40680,2682,中信期货,61946,4802,LC2609,LC,20260420
2,国泰君安期货,34907,406,华泰期货,32322,1472,国泰君安期货,55920,2529,LC2609,LC,20260420
3,东证期货,18585,187,中信期货,26428,1590,东证期货,28912,1227,LC2609,LC,20260420
4,广发期货,15693,-149,永安期货,25505,909,广发期货,28141,-667,LC2609,LC,20260420
5,银河期货,13820,3936,东证期货,21756,2176,中粮期货,24497,1160,LC2609,LC,20260420
1,中信期货,63234,23644,国泰君安期货,40944,264,中信期货,62312,366,LC2609,LC,20260421
2,国泰君安期货,56612,21705,华泰期货,32345,23,国泰君安期货,55224,-696,LC2609,LC,20260421
3,东证期货,28364,9779,中信期货,25200,-1228,东证期货,28280,-632,LC2609,LC,20260421
4,广发期货,24040,8347,永安期货,24755,-750,广发期货,28167,26,LC2609,LC,20260421
5,中信建投,20509,8119,东证期货,22182,426,中粮期货,24466,-31,LC2609,LC,20260421
1,中信期货,38551,-24683,国泰君安期货,41432,488,中信期货,62895,583,LC2609,LC,20260422
2,国泰君安期货,32150,-24462,华泰期货,31927,-418,国泰君安期货,56078,854,LC2609,LC,20260422
3,东证期货,17457,-10907,永安期货,26245,1490,广发期货,28595,428,LC2609,LC,20260422
4,广发期货,13500,-10540,中信期货,26022,822,东证期货,28293,13,LC2609,LC,20260422
5,中信建投,11775,-8734,东证期货,22716,534,中粮期货,25447,981,LC2609,LC,20260422
1,中信期货,44437,5886,国泰君安期货,42420,988,中信期货,63574,679,LC2609,LC,20260423
2,国泰君安期货,37804,5654,华泰期货,32375,448,国泰君安期货,57178,1100,LC2609,LC,20260423
3,东证期货,21064,3607,永安期货,26970,725,广发期货,29594,999,LC2609,LC,20260423
4,中信建投,16080,4305,中信期货,26524,502,东证期货,28835,542,LC2609,LC,20260423
5,广发期货,15858,2358,东证期货,22428,-288,中粮期货,26031,584,LC2609,LC,20260423
1,中信期货,44292,-145,国泰君安期货,43685,1265,中信期货,65932,2358,LC2609,LC,20260424
2,国泰君安期货,41195,3391,华泰期货,33041,666,国泰君安期货,58948,1770,LC2609,LC,20260424
3,东证期货,22720,1656,永安期货,27675,705,广发期货,30349,755,LC2609,LC,20260424
4,广发期货,16513,655,中信期货,27346,822,东证期货,29602,767,LC2609,LC,20260424
5,中信建投,15125,-955,东证期货,23681,1253,中粮期货,27035,1004,LC2609,LC,20260424
1,国泰君安期货,46786,5591,国泰君安期货,45031,1346,中信期货,67600,1668,LC2609,LC,20260427
2,中信期货,40981,-3311,华泰期货,33255,214,国泰君安期货,61138,2190,LC2609,LC,20260427
3,东证期货,20664,-2056,中信期货,28669,1323,广发期货,30253,-96,LC2609,LC,20260427
4,广发期货,18262,1749,永安期货,27945,270,东证期货,29899,297,LC2609,LC,20260427
5,华泰期货,15692,3849,东证期货,23212,-469,中粮期货,27779,744,LC2609,LC,20260427
1,国泰君安期货,49271,2485,国泰君安期货,43592,-1439,中信期货,64610,-2990,LC2609,LC,20260428
2,中信期货,47271,6290,华泰期货,32837,-418,国泰君安期货,60002,-1136,LC2609,LC,20260428
3,东证期货,25762,5098,中信期货,28786,117,广发期货,29973,-280,LC2609,LC,20260428
4,广发期货,19911,1649,永安期货,27958,13,东证期货,29187,-712,LC2609,LC,20260428
5,银河期货,15575,855,东证期货,23086,-126,中粮期货,27110,-669,LC2609,LC,20260428
1,国泰君安期货,43861,-5410,国泰君安期货,47142,3550,中信期货,66372,1762,LC2609,LC,20260429
2,中信期货,38865,-8406,华泰期货,33239,402,国泰君安期货,62555,2553,LC2609,LC,20260429
3,东证期货,21466,-4296,中信期货,29701,915,广发期货,31674,1701,LC2609,LC,20260429
4,广发期货,18546,-1365,永安期货,28579,621,东证期货,30173,986,LC2609,LC,20260429
5,银河期货,16225,650,东证期货,25092,2006,中粮期货,28049,939,LC2609,LC,20260429
1,中信期货,46311,7446,国泰君安期货,47803,661,中信期货,68534,2162,LC2609,LC,20260430
2,国泰君安期货,46009,2148,华泰期货,33393,154,国泰君安期货,62453,-102,LC2609,LC,20260430
3,东证期货,24571,3105,中信期货,30970,1269,广发期货,32406,732,LC2609,LC,20260430
4,银河期货,18617,2392,永安期货,29254,675,东证期货,30690,517,LC2609,LC,20260430
5,广发期货,17710,-836,东证期货,26594,1502,中粮期货,27499,-550,LC2609,LC,20260430
1,国泰君安期货,46188,179,国泰君安期货,49314,1511,中信期货,70144,1610,LC2609,LC,20260506
2,中信期货,34230,-12081,华泰期货,33177,-216,国泰君安期货,63262,809,LC2609,LC,20260506
3,东证期货,19799,-4772,中信期货,32432,1462,广发期货,33036,630,LC2609,LC,20260506
4,广发期货,17164,-546,永安期货,30483,1229,东证期货,30825,135,LC2609,LC,20260506
5,银河期货,14845,-3772,东证期货,26344,-250,中粮期货,27613,114,LC2609,LC,20260506
1,国泰君安期货,48992,2804,国泰君安期货,50103,789,中信期货,72019,1875,LC2609,LC,20260507
2,中信期货,42825,8595,华泰期货,33353,176,国泰君安期货,63623,361,LC2609,LC,20260507
3,东证期货,25059,5260,永安期货,31492,1009,广发期货,33378,342,LC2609,LC,20260507
4,广发期货,18595,1431,中信期货,31482,-950,东证期货,31409,584,LC2609,LC,20260507
5,中信建投,17760,4089,东证期货,26749,405,中粮期货,27430,-183,LC2609,LC,20260507
1,国泰君安期货,43617,-5375,国泰君安期货,50172,69,中信期货,72686,667,LC2609,LC,20260508
2,中信期货,40510,-2315,华泰期货,33142,-211,国泰君安期货,63223,-400,LC2609,LC,20260508
3,东证期货,23115,-1944,永安期货,31524,32,广发期货,33289,-89,LC2609,LC,20260508
4,中信建投,18527,767,中信期货,30833,-649,东证期货,31810,401,LC2609,LC,20260508
5,银河期货,16181,-1347,东证期货,24809,-1940,中粮期货,27595,165,LC2609,LC,20260508
1,国泰君安期货,45664,2047,国泰君安期货,50921,749,中信期货,73737,1051,LC2609,LC,20260511
2,中信期货,39258,-1252,华泰期货,33911,769,国泰君安期货,64572,1349,LC2609,LC,20260511
3,东证期货,22264,-851,中信期货,32274,1441,广发期货,36063,2774,LC2609,LC,20260511
4,广发期货,16067,76,永安期货,32093,569,东证期货,33382,1572,LC2609,LC,20260511
5,中信建投,15469,-3058,东证期货,27565,2756,中粮期货,27809,214,LC2609,LC,20260511
1,国泰君安期货,37080,-8584,国泰君安期货,50654,-267,中信期货,73528,-209,LC2609,LC,20260512
2,中信期货,30659,-8599,华泰期货,34576,665,国泰君安期货,63524,-1048,LC2609,LC,20260512
3,东证期货,17388,-4876,中信期货,32948,674,广发期货,35447,-616,LC2609,LC,20260512
4,华泰期货,15896,2100,永安期货,32423,330,东证期货,33455,73,LC2609,LC,20260512
5,广发期货,14254,-1813,东证期货,26926,-639,中粮期货,27739,-70,LC2609,LC,20260512
